config,fold,n_features,roc_auc,pr_auc,f1,accuracy,precision,recall,brier
1_Baseline_Raw,1,18,0.6506618097453964,0.48438372683199027,0.42170542635658914,0.6900277008310249,0.5354330708661418,0.34782608695652173,0.21226691493916866
1_Baseline_Raw,2,18,0.6756466015256827,0.5217212541353826,0.4350132625994695,0.7049044056525353,0.5750350631136045,0.34982935153583616,0.20294362633098956
1_Baseline_Raw,3,18,0.658352426541333,0.4879530721529407,0.42066805845511485,0.6924355777223608,0.5416666666666666,0.3438566552901024,0.21005183268076635
1_Baseline_Raw,4,18,0.6709924099574862,0.5180240297054381,0.45265348595213317,0.7085065114990302,0.5807743658210948,0.37084398976982097,0.20418099023952643
1_Baseline_Raw,5,18,0.6650185061530859,0.5072404527245188,0.4388975559022361,0.7010252147409255,0.5626666666666666,0.3597612958226769,0.20634530426373254
1_Baseline_Raw,6,18,0.664116817981943,0.5039640992569233,0.43877019280875457,0.7016620498614958,0.564343163538874,0.3589087809036658,0.20649357127163429
1_Baseline_Raw,7,18,0.6760429373103225,0.523421560876139,0.44616977225672877,0.7035189803269604,0.5671052631578948,0.3677474402730375,0.202964524036865
1_Baseline_Raw,8,18,0.6551848913437743,0.4966194131889624,0.42879663688912245,0.6988085342200056,0.5581395348837209,0.34812286689419797,0.20923153535174274
1_Baseline_Raw,9,18,0.661171340100258,0.5133572993495925,0.43636363636363634,0.7079523413688003,0.5853658536585366,0.34782608695652173,0.206324491053523
1_Baseline_Raw,10,18,0.6614773845570212,0.49569225343776524,0.43727598566308246,0.6954835134386257,0.5474358974358975,0.3640238704177323,0.20926729557178259
1_Baseline_Raw,11,18,0.6737216911349293,0.5228656531238463,0.4559207094418362,0.7110803324099723,0.5873655913978495,0.37254901960784315,0.2033651949343749
1_Baseline_Raw,12,18,0.6673020176712542,0.511637810603008,0.44491080797481636,0.7068440011083402,0.5776566757493188,0.36177474402730375,0.20522550322150315
1_Baseline_Raw,13,18,0.6782646234599974,0.5036001555020642,0.43386243386243384,0.7035189803269604,0.5710306406685237,0.34982935153583616,0.20364130894604304
1_Baseline_Raw,14,18,0.6665984234773369,0.5140845151736069,0.45215562565720296,0.7112773621501801,0.5898491083676269,0.36658141517476556,0.20503143473882268
1_Baseline_Raw,15,18,0.6566704392901588,0.49364183532798844,0.433487416538264,0.6943751731781657,0.5452196382428941,0.3597612958226769,0.21071555999290292
1_Baseline_Raw,16,18,0.6614044772250482,0.510473017242621,0.43976854287217254,0.7049861495844876,0.5741758241758241,0.35635123614663256,0.20724743728856931
1_Baseline_Raw,17,18,0.6741661193124765,0.5252522093164059,0.444913020558777,0.7082294264339152,0.5820689655172414,0.36006825938566556,0.20277118117815526
1_Baseline_Raw,18,18,0.6661867105670403,0.5002353165643438,0.4206054168879448,0.6977001939595456,0.5569620253164557,0.3378839590443686,0.20643649358147595
1_Baseline_Raw,19,18,0.6592451323357928,0.5007135652585909,0.4276006272869838,0.6965918536990856,0.5527027027027027,0.34867860187553285,0.20835969213718028
1_Baseline_Raw,20,18,0.6621449429346951,0.5073467167449696,0.4455799693408278,0.6993627043502355,0.5561224489795918,0.37169650468883203,0.20763418465629602
1_Baseline_Raw,21,18,0.6713857582782626,0.5109156873853525,0.448024948024948,0.7058171745152355,0.5739014647137151,0.3674339300937766,0.20491457503732094
1_Baseline_Raw,22,18,0.6551349992507433,0.5002470634814764,0.43611404435058077,0.7040731504571903,0.5720221606648199,0.35238907849829354,0.20934387869823862
1_Baseline_Raw,23,18,0.6626151369459177,0.5000767637282381,0.43314105925537494,0.7004710446106955,0.5619047619047619,0.35238907849829354,0.20781625029182244
1_Baseline_Raw,24,18,0.6652610319490115,0.5063978579154591,0.44490216271884653,0.7013022998060404,0.5617685305591678,0.36828644501278773,0.2068046748753699
1_Baseline_Raw,25,18,0.6683508735828164,0.5091148663139023,0.42962184873949577,0.6990856192851206,0.5595075239398085,0.34867860187553285,0.20523739633829807
2_Raw_Plus_Composite_Burden,1,19,0.6484554857428511,0.47954996670998795,0.4140830267997898,0.6911357340720221,0.5397260273972603,0.3358908780903666,0.2129921822606799
2_Raw_Plus_Composite_Burden,2,19,0.677090321144024,0.5216370652002243,0.436612309310889,0.7032418952618454,0.5692729766803841,0.35409556313993173,0.20255390712009103
2_Raw_Plus_Composite_Burden,3,19,0.6603524867619647,0.49012801955576923,0.4181438998957247,0.6907730673316709,0.5375335120643432,0.34215017064846415,0.2093136779650654
2_Raw_Plus_Composite_Burden,4,19,0.6747242625186006,0.5284750104903454,0.44842105263157894,0.7096148517594901,0.5859697386519945,0.3631713554987212,0.20200136180671313
2_Raw_Plus_Composite_Burden,5,19,0.6650783501806521,0.5044151077204913,0.4421162912519644,0.7049044056525353,0.5733695652173914,0.3597612958226769,0.20650586104089744
2_Raw_Plus_Composite_Burden,6,19,0.6646011458052383,0.5092190858559095,0.43350785340314135,0.7002770083102493,0.5617367706919946,0.35294117647058826,0.20629460555476065
2_Raw_Plus_Composite_Burden,7,19,0.6722546394394721,0.5206870205810044,0.44525168655941877,0.7037960653920754,0.5682119205298013,0.3660409556313993,0.20363211310576956
2_Raw_Plus_Composite_Burden,8,19,0.6611505851904864,0.4993857824666826,0.4323467230443975,0.7024106400665004,0.5680555555555555,0.34897610921501704,0.2076209278299491
2_Raw_Plus_Composite_Burden,9,19,0.6675062328779588,0.5155126006653699,0.4418103448275862,0.7129398725408701,0.6002928257686676,0.3495311167945439,0.20465624014925576
2_Raw_Plus_Composite_Burden,10,19,0.6607326588806437,0.4914369301729625,0.4343329886246122,0.6968689387642006,0.5519053876478318,0.35805626598465473,0.20941738709739885
2_Raw_Plus_Composite_Burden,11,19,0.6727460390589662,0.5207081374801383,0.4492372435560231,0.7099722991689751,0.5865384615384616,0.3640238704177323,0.20320849567432098
2_Raw_Plus_Composite_Burden,12,19,0.6675120896419113,0.5107158259464556,0.44878563885955647,0.7107231920199502,0.5886426592797784,0.3626279863481229,0.2053587237124783
2_Raw_Plus_Composite_Burden,13,19,0.6736652727224346,0.5014281337920252,0.43183023872679044,0.7032418952618454,0.5708274894810659,0.34726962457337884,0.20486602181639335
2_Raw_Plus_Composite_Burden,14,19,0.6668628220903554,0.5118466296734461,0.43418259023354566,0.7046273205874204,0.5752461322081576,0.34867860187553285,0.2051171719360266
2_Raw_Plus_Composite_Burden,15,19,0.6604322138650562,0.4989585999691935,0.43550051599587203,0.6968689387642006,0.5516339869281046,0.3597612958226769,0.20887711088197386
2_Raw_Plus_Composite_Burden,16,19,0.6678912167175481,0.510195117693911,0.42887029288702927,0.6975069252077563,0.5548037889039242,0.3495311167945439,0.205721337481161
2_Raw_Plus_Composite_Burden,17,19,0.6713042388322239,0.5245012204659826,0.4447983014861996,0.7101690218897202,0.5884831460674157,0.3575085324232082,0.2036865035423885
2_Raw_Plus_Composite_Burden,18,19,0.667203809024972,0.5018029578083812,0.4284210526315789,0.6990856192851206,0.5590659340659341,0.34726962457337884,0.20606920247042715
2_Raw_Plus_Composite_Burden,19,19,0.655862019970407,0.4992813390498144,0.42011524358302776,0.6932668329177057,0.5448369565217391,0.34185848252344414,0.20892177995682235
2_Raw_Plus_Composite_Burden,20,19,0.6643166511982105,0.5091751521481453,0.44025157232704404,0.7040731504571903,0.5714285714285714,0.35805626598465473,0.20640856293874646
2_Raw_Plus_Composite_Burden,21,19,0.6708834146493338,0.5113497460982102,0.4475743348982786,0.7066481994459833,0.5766129032258065,0.3657289002557545,0.20448975758767626
2_Raw_Plus_Composite_Burden,22,19,0.6550663757403287,0.5000093729432616,0.42379182156133827,0.6993627043502355,0.5611814345991561,0.34044368600682595,0.20940826484362934
2_Raw_Plus_Composite_Burden,23,19,0.6621358227328684,0.5085368595796591,0.4330005254860746,0.7010252147409255,0.5636114911080712,0.3515358361774744,0.20712427147759843
2_Raw_Plus_Composite_Burden,24,19,0.6635750752074943,0.5013868842333514,0.43831337844872464,0.7010252147409255,0.5628342245989305,0.3589087809036658,0.2073410176631906
2_Raw_Plus_Composite_Burden,25,19,0.6704823358628809,0.5082781517060343,0.4225941422594142,0.6940980881130507,0.5466847090663058,0.34441602728047743,0.20515573446178328
3_Raw_Plus_Composite_Q4,1,19,0.6487453128295975,0.48002191710050457,0.4151530877010898,0.6878116343490305,0.5305039787798409,0.3410059676044331,0.21304650463232594
3_Raw_Plus_Composite_Q4,2,19,0.6809495183049713,0.5260439322667267,0.4521193092621664,0.7098919368246052,0.584573748308525,0.36860068259385664,0.20121041554235958
3_Raw_Plus_Composite_Q4,3,19,0.6640791635214225,0.4916764879342349,0.43125,0.6974231088944306,0.553475935828877,0.3532423208191126,0.2083372951963602
3_Raw_Plus_Composite_Q4,4,19,0.6693788959861806,0.5215428158100626,0.45515811301192327,0.7087835965641452,0.5806878306878307,0.3742540494458653,0.2041488425425402
3_Raw_Plus_Composite_Q4,5,19,0.6670448039285679,0.5068725943539004,0.4374025974025974,0.6999168744804655,0.5598404255319149,0.3589087809036658,0.2058490565235769
3_Raw_Plus_Composite_Q4,6,19,0.6663046014466516,0.5043735449514197,0.43046007403490216,0.7016620498614958,0.5668523676880223,0.34697357203751067,0.2062501517245912
3_Raw_Plus_Composite_Q4,7,19,0.6719859223770062,0.5219725426085189,0.44478844169246645,0.7018564699362705,0.5626631853785901,0.3677474402730375,0.20410839905038836
3_Raw_Plus_Composite_Q4,8,19,0.6522125480189513,0.48923625519602276,0.4265402843601896,0.6982543640897756,0.5570839064649243,0.3455631399317406,0.21020636794942393
3_Raw_Plus_Composite_Q4,9,19,0.6670078826133151,0.5168908789436619,0.43746673762639704,0.7071210861734553,0.5821529745042493,0.35038363171355497,0.20491847393952844
3_Raw_Plus_Composite_Q4,10,19,0.6628497725926952,0.49551397028434274,0.44433094994892747,0.6985314491548905,0.554140127388535,0.37084398976982097,0.2089984495937308
3_Raw_Plus_Composite_Q4,11,19,0.6712795874625385,0.5234949382654773,0.45306764551651807,0.7110803324099723,0.5885558583106267,0.36828644501278773,0.2035290007063192
3_Raw_Plus_Composite_Q4,12,19,0.6694638333092917,0.5172606955218364,0.45131375579598143,0.7049044056525353,0.5695708712613784,0.37372013651877134,0.20474239600938146
3_Raw_Plus_Composite_Q4,13,19,0.6767412515527821,0.5037366358274462,0.4446786090621707,0.7079523413688003,0.581267217630854,0.36006825938566556,0.203958031916523
3_Raw_Plus_Composite_Q4,14,19,0.6629271148739355,0.5081142365003686,0.45648775403856173,0.7110002770850651,0.5871313672922251,0.3734015345268542,0.2060109425041485
3_Raw_Plus_Composite_Q4,15,19,0.6569511112790942,0.4939573635744381,0.43649559357179885,0.6988085342200056,0.5568783068783069,0.3589087809036658,0.21032393326121235
3_Raw_Plus_Composite_Q4,16,19,0.6628256269412905,0.5037207009202129,0.4350515463917526,0.696398891966759,0.5501955671447197,0.3597612958226769,0.2073484067339236
3_Raw_Plus_Composite_Q4,17,19,0.6683215669688435,0.5206265865415287,0.45065963060686015,0.7115544472152951,0.5905947441217151,0.3643344709897611,0.20404347156170777
3_Raw_Plus_Composite_Q4,18,19,0.6650090821115313,0.4975204732969173,0.430062630480167,0.6974231088944306,0.553763440860215,0.3515358361774744,0.20737949647779752
3_Raw_Plus_Composite_Q4,19,19,0.6544325876277548,0.4939679854256734,0.4328824141519251,0.6979772790246606,0.5554072096128171,0.3546462063086104,0.21005271507720388
3_Raw_Plus_Composite_Q4,20,19,0.6606155955635628,0.5016463132641051,0.44914816726897266,0.7043502355223054,0.569371727748691,0.37084398976982097,0.20792713796973158
3_Raw_Plus_Composite_Q4,21,19,0.6684379876729911,0.5069869746101339,0.4481500781657113,0.7066481994459833,0.5764075067024129,0.36658141517476556,0.2054565279158131
3_Raw_Plus_Composite_Q4,22,19,0.6570048148495674,0.5062130772398343,0.4356020942408377,0.7013022998060404,0.5636856368563685,0.35494880546075086,0.20862191922870707
3_Raw_Plus_Composite_Q4,23,19,0.6607066330924976,0.4988608123361761,0.43478260869565216,0.7010252147409255,0.5630936227951153,0.35409556313993173,0.2083361561438457
3_Raw_Plus_Composite_Q4,24,19,0.6650388041273481,0.5024334067158003,0.45565749235474007,0.7040731504571903,0.5665399239543726,0.38107416879795397,0.20722191128564266
3_Raw_Plus_Composite_Q4,25,19,0.6692329605505372,0.5101387832295182,0.42938437661665807,0.6943751731781657,0.5460526315789473,0.3537936913895993,0.20517011283143663
4_Raw_Plus_Composite_Acceleration,1,19,0.6525032699561778,0.48199020167744355,0.4158415841584158,0.6894736842105263,0.5348525469168901,0.340153452685422,0.21170087383287103
4_Raw_Plus_Composite_Acceleration,2,19,0.6766279877486027,0.5172024288910193,0.44491080797481636,0.7068440011083402,0.5776566757493188,0.36177474402730375,0.2029211265293424
4_Raw_Plus_Composite_Acceleration,3,19,0.6547092533902115,0.48514934906644397,0.42789722076560044,0.6977001939595456,0.5551020408163265,0.34812286689419797,0.21085049531192432
4_Raw_Plus_Composite_Acceleration,4,19,0.6765510802021959,0.5266342796225214,0.4559207094418362,0.7110002770850651,0.5873655913978495,0.37254901960784315,0.20217306179666672
4_Raw_Plus_Composite_Acceleration,5,19,0.6659061925619822,0.5059350050436963,0.44235785080855505,0.7037960653920754,0.5698924731182796,0.3614663256606991,0.20620985655763893
4_Raw_Plus_Composite_Acceleration,6,19,0.6622531441079045,0.4964041009273237,0.43302180685358255,0.6975069252077563,0.5537848605577689,0.3554987212276215,0.20784349708740843
4_Raw_Plus_Composite_Acceleration,7,19,0.6714672196694589,0.5185776721277157,0.4460431654676259,0.7013022998060404,0.5607235142118863,0.3703071672354949,0.20429343789068727
4_Raw_Plus_Composite_Acceleration,8,19,0.6556785604748187,0.4976237589912759,0.437696335078534,0.7024106400665004,0.5663956639566395,0.35665529010238906,0.20866754213431965
4_Raw_Plus_Composite_Acceleration,9,19,0.6630469779116044,0.5071950457380765,0.432605221097496,0.7049044056525353,0.5767045454545454,0.34612105711849955,0.20632144841168254
4_Raw_Plus_Composite_Acceleration,10,19,0.6577154349995871,0.48976663486136657,0.4402257567983581,0.6977001939595456,0.5528350515463918,0.3657289002557545,0.2103767756056949
4_Raw_Plus_Composite_Acceleration,11,19,0.6740277849199661,0.5253859440174848,0.4549266247379455,0.7119113573407202,0.5904761904761905,0.3699914748508099,0.20250411215202171
4_Raw_Plus_Composite_Acceleration,12,19,0.6699476990817054,0.5185899186630659,0.45318158303155714,0.7071210861734553,0.5755584756898817,0.37372013651877134,0.20420273780425835
4_Raw_Plus_Composite_Acceleration,13,19,0.6808653144567329,0.5054587446455125,0.4286472148541114,0.7015793848711555,0.5666199158485273,0.3447098976109215,0.20324285863128316
4_Raw_Plus_Composite_Acceleration,14,19,0.6672145369892084,0.5086523470399411,0.44385872430152873,0.7076752563036852,0.5814917127071824,0.3589087809036658,0.2051755824054787
4_Raw_Plus_Composite_Acceleration,15,19,0.6528099745645385,0.49116625533110714,0.4240246406570842,0.6891105569409809,0.5329032258064517,0.35208866155157714,0.2114461090874994
4_Raw_Plus_Composite_Acceleration,16,19,0.6645336302617959,0.5074972651910453,0.434279705573081,0.7019390581717452,0.5665294924554184,0.35208866155157714,0.20667713272771326
4_Raw_Plus_Composite_Acceleration,17,19,0.6740897931631376,0.5248822781687706,0.44538258575197887,0.7087835965641452,0.5836791147994468,0.36006825938566556,0.20295421202244235
4_Raw_Plus_Composite_Acceleration,18,19,0.6703461355860517,0.5063399986304594,0.43209229155742,0.6999168744804655,0.5605442176870749,0.3515358361774744,0.2050375642118868
4_Raw_Plus_Composite_Acceleration,19,19,0.6600469023191486,0.50344698143928,0.4228571428571429,0.6921584926572458,0.5412234042553191,0.34697357203751067,0.20781749785529474
4_Raw_Plus_Composite_Acceleration,20,19,0.6633225754069744,0.5042975978911883,0.4387966804979253,0.7001939595455805,0.5602649006622517,0.36061381074168797,0.20714069974897215
4_Raw_Plus_Composite_Acceleration,21,19,0.6697835759520129,0.5054771629821074,0.44525168655941877,0.7038781163434903,0.5689655172413793,0.3657289002557545,0.20550902635395757
4_Raw_Plus_Composite_Acceleration,22,19,0.6537579774830857,0.49567487498670265,0.42427440633245384,0.6977001939595456,0.5560165975103735,0.3430034129692833,0.21018543986252136
4_Raw_Plus_Composite_Acceleration,23,19,0.6575100379389978,0.5021101289664327,0.4316396018858041,0.6993627043502355,0.5590230664857531,0.3515358361774744,0.20875963684366994
4_Raw_Plus_Composite_Acceleration,24,19,0.6637490078490167,0.5055422804666548,0.44627249357326476,0.7015793848711555,0.5621761658031088,0.3699914748508099,0.20734286595255103
4_Raw_Plus_Composite_Acceleration,25,19,0.6707703571183596,0.5085391855415616,0.4264012572027239,0.6965918536990856,0.5529891304347826,0.34697357203751067,0.20488398399072957
5_Raw_Plus_Composite_And_Interaction,1,20,0.6561671251077013,0.48927903894927083,0.4164470216130733,0.6933518005540166,0.5455801104972375,0.33674339300937767,0.21016376597852657
5_Raw_Plus_Composite_And_Interaction,2,20,0.6709098287073151,0.5134258412405412,0.4361924686192469,0.7013022998060404,0.5635135135135135,0.35580204778157,0.20465092595370088
5_Raw_Plus_Composite_And_Interaction,3,20,0.6582335608179363,0.49088054748457033,0.42392444910807975,0.6957605985037406,0.5504087193460491,0.3447098976109215,0.20926424161320298
5_Raw_Plus_Composite_And_Interaction,4,20,0.672401719308413,0.5236292393713023,0.4418604651162791,0.7073981712385703,0.5813630041724618,0.35635123614663256,0.2027481301664674
5_Raw_Plus_Composite_And_Interaction,5,20,0.6676372947979792,0.5110785285135018,0.44317592112091336,0.7026877251316154,0.5663129973474801,0.3640238704177323,0.20527307475638307
5_Raw_Plus_Composite_And_Interaction,6,20,0.6611644996975794,0.5054955927263898,0.43354430379746833,0.7024930747922438,0.5684647302904564,0.35038363171355497,0.20687103128831763
5_Raw_Plus_Composite_And_Interaction,7,20,0.6731421935154983,0.5227023599227225,0.44260599793174765,0.7013022998060404,0.5616797900262467,0.3651877133105802,0.20320931250988758
5_Raw_Plus_Composite_And_Interaction,8,20,0.6537823108196869,0.49663523630900164,0.4184322033898305,0.6957605985037406,0.5516759776536313,0.3370307167235495,0.20895174339186862
5_Raw_Plus_Composite_And_Interaction,9,20,0.6658834448322057,0.5177196843192411,0.44062332079527133,0.7115544472152951,0.5959302325581395,0.3495311167945439,0.20468854413405824
5_Raw_Plus_Composite_And_Interaction,10,20,0.6658076773937961,0.5013000246147707,0.439855446566856,0.6993627043502355,0.5575916230366492,0.3631713554987212,0.20756984605714415
5_Raw_Plus_Composite_And_Interaction,11,20,0.6750688536105598,0.526243945363123,0.4625779625779626,0.7135734072022161,0.59254327563249,0.3793691389599318,0.20240876112049636
5_Raw_Plus_Composite_And_Interaction,12,20,0.6632619835555661,0.5055375181017718,0.4408206207259337,0.7054585757827653,0.5747599451303155,0.3575085324232082,0.2068275215008108
5_Raw_Plus_Composite_And_Interaction,13,20,0.6691557277523279,0.49376606504108744,0.4322033898305085,0.7029648101967304,0.5698324022346368,0.34812286689419797,0.206297431886922
5_Raw_Plus_Composite_And_Interaction,14,20,0.6703587981919403,0.5122613146242947,0.45168067226890757,0.7107231920199502,0.5882352941176471,0.36658141517476556,0.20445559337939462
5_Raw_Plus_Composite_And_Interaction,15,20,0.6586566660647267,0.4961325277315709,0.42295760082730094,0.6907730673316709,0.5374507227332457,0.34867860187553285,0.20957101295210911
5_Raw_Plus_Composite_And_Interaction,16,20,0.6648839764626123,0.5116147875970687,0.4397089397089397,0.7013850415512466,0.563249001331558,0.36061381074168797,0.20566511680316202
5_Raw_Plus_Composite_And_Interaction,17,20,0.6686722120998654,0.5199868978898916,0.4364611260053619,0.7087835965641452,0.5873015873015873,0.34726962457337884,0.20419223552062032
5_Raw_Plus_Composite_And_Interaction,18,20,0.6648112643391626,0.5086753537443958,0.4200626959247649,0.6924355777223608,0.5417789757412399,0.3430034129692833,0.20624769316265357
5_Raw_Plus_Composite_And_Interaction,19,20,0.6540031804825879,0.501432315315109,0.43012987012987014,0.6960376835688556,0.550531914893617,0.35294117647058826,0.20945786905921848
5_Raw_Plus_Composite_And_Interaction,20,20,0.6619060917720411,0.5072797856109019,0.44375,0.7040731504571903,0.570281124497992,0.3631713554987212,0.2069404250654614
5_Raw_Plus_Composite_And_Interaction,21,20,0.6698706814976978,0.5075486522088913,0.4437434279705573,0.7069252077562327,0.578875171467764,0.3597612958226769,0.2050339049951115
5_Raw_Plus_Composite_And_Interaction,22,20,0.6529507759358356,0.4999440453283166,0.42356687898089174,0.6990856192851206,0.5603932584269663,0.34044368600682595,0.20968149172828085
5_Raw_Plus_Composite_And_Interaction,23,20,0.6632917437514092,0.5117288991023287,0.43592436974789917,0.7024106400665004,0.5669398907103825,0.35409556313993173,0.20674506489306502
5_Raw_Plus_Composite_And_Interaction,24,20,0.6629001675632772,0.5039065196535932,0.452344152498712,0.7054585757827653,0.5716145833333334,0.3742540494458653,0.20736489495899427
5_Raw_Plus_Composite_And_Interaction,25,20,0.6697579081607655,0.5091775903203419,0.4284221525600836,0.6968689387642006,0.553306342780027,0.3495311167945439,0.20510726924900408
6_Raw_Plus_Composite_And_Missing,1,21,0.6545696653712778,0.4846073784470297,0.4296834457706279,0.695567867036011,0.5490716180371353,0.35294117647058826,0.21136774860839344
6_Raw_Plus_Composite_And_Missing,2,21,0.6730077474542779,0.5152273114559551,0.4385872430152873,0.7049044056525353,0.5737931034482758,0.35494880546075086,0.20394150711441783
6_Raw_Plus_Composite_And_Missing,3,21,0.6564509250869349,0.4864635796737877,0.41836202399582684,0.6910501523967858,0.538255033557047,0.34215017064846415,0.21004305936086068
6_Raw_Plus_Composite_And_Missing,4,21,0.6759232428603625,0.5227937200511631,0.45986535473847745,0.7110002770850651,0.5857519788918206,0.37851662404092073,0.20243872987400421
6_Raw_Plus_Composite_And_Missing,5,21,0.6674775357419329,0.5029365118865534,0.441207075962539,0.7024106400665004,0.5660881174899867,0.3614663256606991,0.2059798752338111
6_Raw_Plus_Composite_And_Missing,6,21,0.6653069106181659,0.5008861892369456,0.4296998420221169,0.7,0.5619834710743802,0.34782608695652173,0.20662778702189466
6_Raw_Plus_Composite_And_Missing,7,21,0.6710764858040363,0.5207601831477714,0.4395716471188169,0.6954835134386257,0.5462610899873257,0.3677474402730375,0.2043496030674616
6_Raw_Plus_Composite_And_Missing,8,21,0.6594906665023437,0.49514640336960536,0.42344244984160506,0.6974231088944306,0.5554016620498615,0.34215017064846415,0.20834173282390095
6_Raw_Plus_Composite_And_Missing,9,21,0.66317454018089,0.5103531492981219,0.4216158373461744,0.7004710446106955,0.5660919540229885,0.3358908780903666,0.20603935559757
6_Raw_Plus_Composite_And_Missing,10,21,0.6623748699879752,0.49343801532332143,0.4357656731757451,0.6957605985037406,0.5485122897800776,0.3614663256606991,0.20894935779256676
6_Raw_Plus_Composite_And_Missing,11,21,0.6771198568810407,0.5272934409718386,0.44863731656184486,0.7085872576177286,0.582312925170068,0.3648763853367434,0.20206698828940606
6_Raw_Plus_Composite_And_Missing,12,21,0.6706255313070257,0.5152433559909363,0.4435102469784551,0.7065669160432253,0.5772913816689467,0.36006825938566556,0.20409249611374183
6_Raw_Plus_Composite_And_Missing,13,21,0.6760445128501025,0.5025666138807061,0.43829787234042555,0.7073981712385703,0.5819209039548022,0.3515358361774744,0.20415588368834173
6_Raw_Plus_Composite_And_Missing,14,21,0.667633270199634,0.5138344397657545,0.44468198824158206,0.7121086173455251,0.5959885386819485,0.3546462063086104,0.20447434022668395
6_Raw_Plus_Composite_And_Missing,15,21,0.6549834326534212,0.48991277723613996,0.43075356415478616,0.6902188972014408,0.5347661188369153,0.36061381074168797,0.21102081883208007
6_Raw_Plus_Composite_And_Missing,16,21,0.6630386682156761,0.5100826917789407,0.441207075962539,0.7024930747922438,0.5660881174899867,0.3614663256606991,0.20666683941645347
6_Raw_Plus_Composite_And_Missing,17,21,0.6696539484427365,0.5194220681601294,0.44763423710792133,0.7121086173455251,0.5937940761636107,0.35921501706484643,0.2041515628796593
6_Raw_Plus_Composite_And_Missing,18,21,0.6595748703505822,0.4951949334909525,0.42398737506575485,0.6965918536990856,0.5528120713305898,0.3438566552901024,0.20824863842082159
6_Raw_Plus_Composite_And_Missing,19,21,0.657336422825002,0.49491648583166264,0.4175824175824176,0.6916043225270158,0.540650406504065,0.340153452685422,0.20903530093705963
6_Raw_Plus_Composite_And_Missing,20,21,0.6625453029787627,0.5053467061586362,0.4385692068429238,0.6999168744804655,0.5595238095238095,0.36061381074168797,0.20732214396105875
6_Raw_Plus_Composite_And_Missing,21,21,0.6724520141145967,0.5087018022990962,0.44166666666666665,0.7030470914127424,0.5676037483266398,0.3614663256606991,0.2048207534977886
6_Raw_Plus_Composite_And_Missing,22,21,0.6565704910502339,0.4994911314743254,0.43112513144058884,0.7001939595455805,0.5616438356164384,0.34982935153583616,0.20922028304451554
6_Raw_Plus_Composite_And_Missing,23,21,0.6603776953984435,0.49625920964665343,0.426246719160105,0.6971460238293156,0.5538881309686221,0.3464163822525597,0.2088474271912682
6_Raw_Plus_Composite_And_Missing,24,21,0.6687363601112609,0.5037341470292906,0.4447900466562986,0.7032418952618454,0.5674603174603174,0.3657289002557545,0.20607913962779467
6_Raw_Plus_Composite_And_Missing,25,21,0.6714613631559571,0.5129954963839201,0.4321503131524008,0.6985314491548905,0.5572005383580081,0.35294117647058826,0.204712826159038
