name,auc_mean,auc_std,f1_mean,f1_std,acc_mean,threshold_mean,feature_set,model,n_features,calibration,threshold
A_raw17_int|RF_youden,0.8966834070698482,0.007827518080372322,0.6701337198389513,0.05484062196615239,0.8999377607126974,0.24600000000000008,A_raw17_int,RF,17,none,youden(0.25)
A_raw17_int|RF,0.8966834070698482,0.007827518080372322,0.7596499326985257,0.02505172901620386,0.945359148105924,0.5,A_raw17_int,RF,17,none,default
B_raw17_ohe|RF_youden,0.8954179894299285,0.007865005313248687,0.6593465251873095,0.05266113932686587,0.8939906460109005,0.23266666666666672,B_raw17_ohe,RF,19,none,youden(0.23)
B_raw17_ohe|RF,0.8954179894299285,0.007865005313248687,0.7580011717772438,0.02405915563447959,0.9448724971992319,0.5,B_raw17_ohe,RF,19,none,default
B_raw17_ohe|RF_cal,0.8810114411947703,0.011976786341039105,0.6369039300651249,0.04743051711277278,0.8854446051150274,0.16400000000000003,B_raw17_ohe,RF_calibrated,19,isotonic,youden(0.16)
E_ohe_KDM|RF,0.8699491404954057,0.009846418939308512,0.4468688623614491,0.02287650703196916,0.9022900109508244,0.5,E_ohe_KDM,RF,20,none,default
E_ohe_KDM|RF_youden,0.8699491404954057,0.009846418939308512,0.5735621980792346,0.029597351957302186,0.8501640320529588,0.20200000000000004,E_ohe_KDM,RF,20,none,youden(0.20)
B_raw17_ohe|LightGBM_spw_youden,0.8012164341038298,0.01825676043405794,0.44973102671629356,0.024275382713934354,0.7665147589365472,0.4840000000000001,B_raw17_ohe,LightGBM_spw,19,none,youden(0.48)
B_raw17_ohe|LightGBM_spw,0.8012164341038298,0.01825676043405794,0.4541449397248713,0.016951817769711643,0.7829777468500614,0.5,B_raw17_ohe,LightGBM_spw,19,none,default
A_raw17_int|LightGBM_spw_youden,0.7984160516935705,0.018833342578227004,0.44527329412930255,0.027505000670890605,0.7622729129686385,0.48266666666666674,A_raw17_int,LightGBM_spw,17,none,youden(0.48)
A_raw17_int|LightGBM_spw,0.7984160516935705,0.018833342578227004,0.44474899200144835,0.016513427314543794,0.7789494776012595,0.5,A_raw17_int,LightGBM_spw,17,none,default
A_raw17_int|XGBoost_spw_youden,0.7654379180578814,0.014556986683417646,0.39074752319056644,0.02189028048844342,0.7047879066048768,0.468,A_raw17_int,XGBoost_spw,17,none,youden(0.47)
A_raw17_int|XGBoost_spw,0.7654379180578814,0.014556986683417646,0.3963373102814472,0.018840245300433628,0.7449913385943353,0.5,A_raw17_int,XGBoost_spw,17,none,default
B_raw17_ohe|XGBoost_spw,0.7651310292797473,0.014047821777264272,0.3949338931946978,0.01628531919402635,0.7449369847779703,0.5,B_raw17_ohe,XGBoost_spw,19,none,default
B_raw17_ohe|XGBoost_spw_youden,0.7651310292797473,0.014047821777264272,0.3970896958567945,0.02238380305693429,0.7220658508110572,0.48133333333333356,B_raw17_ohe,XGBoost_spw,19,none,youden(0.48)
E_ohe_KDM|LightGBM_spw_youden,0.7597947750323988,0.019277988548590894,0.39311571435038944,0.0267451000433614,0.7243361864700014,0.4586666666666668,E_ohe_KDM,LightGBM_spw,20,none,youden(0.46)
E_ohe_KDM|LightGBM_spw,0.7597947750323988,0.019277988548590894,0.400696732783695,0.02144581557723068,0.7695133545769456,0.5,E_ohe_KDM,LightGBM_spw,20,none,default
B_raw17_ohe|XGBoost_spw_cal,0.758181859004657,0.014385772400959972,0.3756239287544863,0.025296162366764557,0.6896998640606228,0.14800000000000005,B_raw17_ohe,XGBoost_spw_calibrated,19,isotonic,youden(0.15)
A_raw17_int|XGBoost_spw_cal,0.7577291303349758,0.009697246946871092,0.3756471078051262,0.016338249774364825,0.6983826888139824,0.1486666666666667,A_raw17_int,XGBoost_spw_calibrated,17,isotonic,youden(0.15)
C_raw17_int_PCA|RF,0.7484920513683,0.012049662400175742,0.028372707808991662,0.009063131465799132,0.8687106596980599,0.5,C_raw17_int_PCA,RF,23,none,default
C_raw17_int_PCA|RF_youden,0.7484920513683,0.012049662400175742,0.3665681599598065,0.017815679477213294,0.6746418718506783,0.15333333333333335,C_raw17_int_PCA,RF,23,none,youden(0.15)
D_raw17_ohe_PCA|RF_youden,0.7480819067637114,0.012043889124433244,0.36590611123598304,0.019479431856962062,0.6726700654252808,0.1526666666666667,D_raw17_ohe_PCA,RF,25,none,youden(0.15)
D_raw17_ohe_PCA|RF,0.7480819067637114,0.012043889124433244,0.030696473411282756,0.010895878459318217,0.868764684496166,0.5,D_raw17_ohe_PCA,RF,25,none,default
A_raw17_int|XGBoost_default,0.7428440296315177,0.014738521496924938,0.08566735584849806,0.021664111205980597,0.8704409009177965,0.5,A_raw17_int,XGBoost_default,17,none,default
A_raw17_int|XGBoost_default_youden,0.7428440296315177,0.014738521496924938,0.3625145104691336,0.0173696765147696,0.6815346727666652,0.13800000000000004,A_raw17_int,XGBoost_default,17,none,youden(0.14)
B_raw17_ohe|XGBoost_default,0.7428378141850883,0.015195391160390332,0.0921943315089103,0.01575089853697618,0.8713060434622153,0.5,B_raw17_ohe,XGBoost_default,19,none,default
B_raw17_ohe|XGBoost_default_youden,0.7428378141850883,0.015195391160390332,0.36436126423310333,0.023085918428630378,0.6875912079740866,0.13933333333333336,B_raw17_ohe,XGBoost_default,19,none,youden(0.14)
F_ohe_PCA_KDM|RF_youden,0.7378499016912426,0.012633501974562146,0.35859356890111915,0.01553346074939466,0.6716130065304641,0.15466666666666667,F_ohe_PCA_KDM,RF,26,none,youden(0.15)
F_ohe_PCA_KDM|RF,0.7378499016912426,0.012633501974562146,0.027147752089986817,0.010924819372823875,0.8685213974282836,0.5,F_ohe_PCA_KDM,RF,26,none,default
E_ohe_KDM|XGBoost_spw_youden,0.7313852279178278,0.014775697490856622,0.36000585637637267,0.02060042201246053,0.6927855398668683,0.46333333333333343,E_ohe_KDM,XGBoost_spw,20,none,youden(0.46)
E_ohe_KDM|XGBoost_spw,0.7313852279178278,0.014775697490856622,0.3641176277387074,0.0180717823988823,0.7398816960013861,0.5,E_ohe_KDM,XGBoost_spw,20,none,default
E_ohe_KDM|XGBoost_default,0.7218653368556278,0.015460840157249262,0.07490998482574111,0.011814029786648935,0.8699272814811524,0.5,E_ohe_KDM,XGBoost_default,20,none,default
E_ohe_KDM|XGBoost_default_youden,0.7218653368556278,0.015460840157249262,0.35136645475208167,0.01821687797367807,0.6928637584742765,0.1446666666666667,E_ohe_KDM,XGBoost_default,20,none,youden(0.14)
C_raw17_int_PCA|LightGBM_spw,0.6877872784897249,0.008990935794310016,0.30784378443965554,0.015754599608274925,0.7811394231322868,0.5,C_raw17_int_PCA,LightGBM_spw,23,none,default
C_raw17_int_PCA|LightGBM_spw_youden,0.6877872784897249,0.008990935794310016,0.31802688007611213,0.009415849698796075,0.6083224181525954,0.3426666666666668,C_raw17_int_PCA,LightGBM_spw,23,none,youden(0.34)
D_raw17_ohe_PCA|LightGBM_spw_youden,0.6866377516274316,0.008264810503795189,0.3187221522892233,0.01079419323751188,0.6305182092413552,0.36266666666666675,D_raw17_ohe_PCA,LightGBM_spw,25,none,youden(0.36)
D_raw17_ohe_PCA|LightGBM_spw,0.6866377516274316,0.008264810503795189,0.3081280277607376,0.015614298480766207,0.7833831083122624,0.5,D_raw17_ohe_PCA,LightGBM_spw,25,none,default
F_ohe_PCA_KDM|LightGBM_spw_youden,0.6852931665265648,0.011264832850546188,0.31646351290643326,0.010015458748747225,0.6221651265870332,0.35533333333333333,F_ohe_PCA_KDM,LightGBM_spw,26,none,youden(0.36)
F_ohe_PCA_KDM|LightGBM_spw,0.6852931665265648,0.011264832850546188,0.3097600055861017,0.014513688754595883,0.7845729260745327,0.5,F_ohe_PCA_KDM,LightGBM_spw,26,none,default
LASSO_C0.5_forcedBA_XGB,0.6834154229247301,0.0199381412762267,0.3287690947956908,0.019045349920451368,0.6755879419195033,0.47000000000000003,lasso_C0.5_forced_BA,XGBoost_spw_youden,12,,
LASSO_C1.0_forcedBA_XGB,0.683414947837173,0.019937285527252626,0.3287690947956908,0.019045349920451368,0.6755879419195033,0.47000000000000003,lasso_C1.0_forced_BA,XGBoost_spw_youden,12,,
D_raw17_ohe_PCA|XGBoost_default_youden,0.6833016047932323,0.011952665398933285,0.3188613607670179,0.012153692100683846,0.6486076440812082,0.13066666666666665,D_raw17_ohe_PCA,XGBoost_default,25,none,youden(0.13)
D_raw17_ohe_PCA|XGBoost_default,0.6833016047932323,0.011952665398933285,0.0368895528218932,0.011034147968836845,0.8674939392094898,0.5,D_raw17_ohe_PCA,XGBoost_default,25,none,default
C_raw17_int_PCA|XGBoost_default,0.6818053675119835,0.00820202058245756,0.03799986508550162,0.010910056416634168,0.8673858457441762,0.5,C_raw17_int_PCA,XGBoost_default,23,none,default
C_raw17_int_PCA|XGBoost_default_youden,0.6818053675119835,0.00820202058245756,0.31859930132614794,0.011568939595590815,0.6541222313798971,0.134,C_raw17_int_PCA,XGBoost_default,23,none,youden(0.13)
F_ohe_PCA_KDM|XGBoost_default_youden,0.6807309526223573,0.008650427219659872,0.3136436115093365,0.011418331264391002,0.6262232816610158,0.12533333333333332,F_ohe_PCA_KDM,XGBoost_default,26,none,youden(0.13)
F_ohe_PCA_KDM|XGBoost_default,0.6807309526223573,0.008650427219659872,0.03427145326792212,0.008216914244711169,0.8676291547466093,0.5,F_ohe_PCA_KDM,XGBoost_default,26,none,default
D_raw17_ohe_PCA|XGBoost_spw,0.6754302622838977,0.012333170586040883,0.3045724946429454,0.015003227216497944,0.7495063026189304,0.5,D_raw17_ohe_PCA,XGBoost_spw,25,none,default
D_raw17_ohe_PCA|XGBoost_spw_youden,0.6754302622838977,0.012333170586040883,0.3078998152208315,0.01149425277263731,0.5911555614778841,0.37800000000000006,D_raw17_ohe_PCA,XGBoost_spw,25,none,youden(0.38)
C_raw17_int_PCA|XGBoost_spw_youden,0.6746235877955757,0.009541619781615747,0.31062872384042417,0.010941179713854653,0.624085737771351,0.4000000000000001,C_raw17_int_PCA,XGBoost_spw,23,none,youden(0.40)
C_raw17_int_PCA|XGBoost_spw,0.6746235877955757,0.009541619781615747,0.3026400753017021,0.010639672192220371,0.7489385048423263,0.5,C_raw17_int_PCA,XGBoost_spw,23,none,default
F_ohe_PCA_KDM|XGBoost_spw,0.6708368187810696,0.010354621415645094,0.3034219334462342,0.011162365652489663,0.751155923397969,0.5,F_ohe_PCA_KDM,XGBoost_spw,26,none,default
F_ohe_PCA_KDM|XGBoost_spw_youden,0.6708368187810696,0.010354621415645094,0.3065532956689193,0.00923548173856321,0.6119479909870932,0.3933333333333334,F_ohe_PCA_KDM,XGBoost_spw,26,none,youden(0.39)
D_raw17_ohe_PCA|XGBoost_spw_cal,0.6684309427321052,0.010330042006801913,0.2999860520555027,0.008808295658002308,0.5583880627788773,0.136,D_raw17_ohe_PCA,XGBoost_spw_calibrated,25,isotonic,youden(0.14)
LASSO_C0.1_forcedBA_XGB,0.6209295563814795,0.016413027544291872,0.2818539260334874,0.019885345540569272,0.6515580495139577,0.4913333333333334,lasso_C0.1_forced_BA,XGBoost_spw_youden,9,,
LASSO_C0.05_forcedBA_XGB,0.6209205506430482,0.016411941877609342,0.28186527137008555,0.019881834915238854,0.6515850838475613,0.4913333333333334,lasso_C0.05_forced_BA,XGBoost_spw_youden,9,,
LASSO_C0.01_forcedBA_XGB,0.5896849595514703,0.018320881640991854,0.26200147102385757,0.013177525983548825,0.6139612537131082,0.48133333333333345,lasso_C0.01_forced_BA,XGBoost_spw_youden,5,,
