Configuration,Description,Group,Num_Features,Seed,ROC_AUC,PR_AUC,F1_Score,Accuracy,Precision,Recall
Baseline_Raw,Raw features only (17),Baseline,17,42,0.6815452733697358,0.532267129385137,0.42903930131004364,0.7102493074792243,0.5963581183611533,0.3350383631713555
Baseline_Raw,Raw features only (17),Baseline,17,123,0.6625001180647457,0.4986587205575449,0.4364207221350079,0.7016620498614958,0.5650406504065041,0.3554987212276215
Baseline_Raw,Raw features only (17),Baseline,17,999,0.6537496838488478,0.49342189377492524,0.4309978768577495,0.7030470914127424,0.5710267229254571,0.34612105711849955
Raw_Plus_Top3_Strong,Raw + Top 3 strong,Strong_Incremental,20,42,0.6823587831949964,0.5346242365759223,0.43416757344940154,0.7119113573407202,0.6,0.340153452685422
Raw_Plus_Top3_Strong,Raw + Top 3 strong,Strong_Incremental,20,123,0.6638509536657966,0.5072891635099305,0.42849604221635884,0.7,0.5623268698060941,0.34612105711849955
Raw_Plus_Top3_Strong,Raw + Top 3 strong,Strong_Incremental,20,999,0.6515762430643521,0.4905609542619821,0.41455696202531644,0.6925207756232687,0.5435684647302904,0.3350383631713555
Raw_Plus_Top5_Strong,Raw + Top 5 strong,Strong_Incremental,22,42,0.6785927801746379,0.5248952847191708,0.4311827956989247,0.7069252077562327,0.5836972343522562,0.34185848252344414
Raw_Plus_Top5_Strong,Raw + Top 5 strong,Strong_Incremental,22,123,0.6641587965581764,0.5015722705621178,0.4248813916710596,0.6977839335180055,0.5566298342541437,0.3435635123614663
Raw_Plus_Top5_Strong,Raw + Top 5 strong,Strong_Incremental,22,999,0.6519578982866094,0.48783090004878304,0.41944004226096143,0.695567867036011,0.5513888888888889,0.33844842284739984
Raw_Plus_All8_Strong,Raw + All 8 strong,Strong_Full,25,42,0.6745770046256891,0.5240968282934682,0.42493224932249324,0.7060941828254848,0.5833333333333334,0.33418584825234443
Raw_Plus_All8_Strong,Raw + All 8 strong,Strong_Full,25,123,0.6626047146838611,0.5080418911244994,0.4309799789251844,0.7008310249307479,0.5641379310344827,0.34867860187553285
Raw_Plus_All8_Strong,Raw + All 8 strong,Strong_Full,25,999,0.6473754119585069,0.4860446090918903,0.4103103629668595,0.6894736842105263,0.5357142857142857,0.33248081841432225
Raw_Plus_All8_Weak,Raw + All 8 weak (control),Weak_Control,25,42,0.6747557633961507,0.5200131446242889,0.40829694323144106,0.6997229916897507,0.56752655538695,0.3188405797101449
Raw_Plus_All8_Weak,Raw + All 8 weak (control),Weak_Control,25,123,0.6608870912729689,0.5003933317866451,0.4080980287693127,0.6922437673130194,0.5440340909090909,0.32651321398124467
Raw_Plus_All8_Weak,Raw + All 8 weak (control),Weak_Control,25,999,0.6521410298254287,0.484211195231277,0.40515851692638366,0.6933518005540166,0.5479651162790697,0.3213981244671782
Raw_Plus_OA_Age_Gender_Interaction,Raw + OA_Age_Gender_Interaction only,Individual_Strong,18,42,0.6809252148166183,0.5309928850692867,0.42734122712594186,0.7052631578947368,0.5795620437956205,0.33844842284739984
Raw_Plus_OA_Age_Gender_Interaction,Raw + OA_Age_Gender_Interaction only,Individual_Strong,18,123,0.6639854600204785,0.5005039233030412,0.43126967471143757,0.6997229916897507,0.5607094133697135,0.35038363171355497
Raw_Plus_OA_Age_Gender_Interaction,Raw + OA_Age_Gender_Interaction only,Individual_Strong,18,999,0.649122070551294,0.49089779070122835,0.42366613840464873,0.6977839335180055,0.5569444444444445,0.34185848252344414
Raw_Plus_OA_Biomechanical_Stress,Raw + OA_Biomechanical_Stress only,Individual_Strong,18,42,0.6795754286799732,0.5294547546164738,0.42958129418162044,0.7094182825484765,0.5930930930930931,0.33674339300937767
Raw_Plus_OA_Biomechanical_Stress,Raw + OA_Biomechanical_Stress only,Individual_Strong,18,123,0.6640498271707035,0.5076989974078827,0.4307692307692308,0.7027700831024931,0.5702247191011236,0.34612105711849955
Raw_Plus_OA_Biomechanical_Stress,Raw + OA_Biomechanical_Stress only,Individual_Strong,18,999,0.6528868491965125,0.49285258472527266,0.4261780104712042,0.696398891966759,0.5522388059701493,0.34697357203751067
Raw_Plus_OA_Gender_Risk,Raw + OA_Gender_Risk only,Individual_Strong,18,42,0.6816860765108527,0.5321429716903011,0.4366576819407008,0.7105263157894737,0.593841642228739,0.3452685421994885
Raw_Plus_OA_Gender_Risk,Raw + OA_Gender_Risk only,Individual_Strong,18,123,0.6633353168210605,0.5002952029402481,0.44006227296315514,0.7011080332409972,0.5623342175066313,0.3614663256606991
Raw_Plus_OA_Gender_Risk,Raw + OA_Gender_Risk only,Individual_Strong,18,999,0.6509859193360669,0.48973980750950546,0.4236295902075572,0.7,0.5637393767705382,0.3393009377664109
Raw_Plus_OA_Chronic_Disease_Load,Raw + OA_Chronic_Disease_Load only,Individual_Strong,18,42,0.6757928091398555,0.5253293849723418,0.42647856755290287,0.707202216066482,0.5865671641791045,0.3350383631713555
Raw_Plus_OA_Chronic_Disease_Load,Raw + OA_Chronic_Disease_Load only,Individual_Strong,18,123,0.6666867814011119,0.5086148910209403,0.4308176100628931,0.6991689750692521,0.5591836734693878,0.35038363171355497
Raw_Plus_OA_Chronic_Disease_Load,Raw + OA_Chronic_Disease_Load only,Individual_Strong,18,999,0.6528980434835081,0.4873632484997054,0.41222983658408013,0.6911357340720221,0.5400552486187845,0.3333333333333333
Raw_Plus_OA_CV_Risk_Cluster,Raw + OA_CV_Risk_Cluster only,Individual_Strong,18,42,0.6786366827689488,0.5273094188541123,0.4205352266521027,0.7060941828254848,0.5851063829787234,0.32821824381926684
Raw_Plus_OA_CV_Risk_Cluster,Raw + OA_CV_Risk_Cluster only,Individual_Strong,18,123,0.665498437872232,0.5081262717761768,0.42992623814541625,0.7002770083102493,0.5627586206896552,0.34782608695652173
Raw_Plus_OA_CV_Risk_Cluster,Raw + OA_CV_Risk_Cluster only,Individual_Strong,18,999,0.6515825398507871,0.4914368024834607,0.42077371489136195,0.6972299168975069,0.5560224089635855,0.33844842284739984
Raw_Plus_OA_Inflammatory_Score,Raw + OA_Inflammatory_Score only,Individual_Strong,18,42,0.6791475970238589,0.5307700902420791,0.419672131147541,0.7058171745152355,0.5844748858447488,0.3273657289002558
Raw_Plus_OA_Inflammatory_Score,Raw + OA_Inflammatory_Score only,Individual_Strong,18,123,0.6645481478527433,0.5077106223768952,0.4346456692913386,0.7016620498614958,0.5655737704918032,0.35294117647058826
Raw_Plus_OA_Inflammatory_Score,Raw + OA_Inflammatory_Score only,Individual_Strong,18,999,0.6500410515493418,0.4878068093713053,0.41573631047315257,0.695567867036011,0.5522598870056498,0.3333333333333333
Raw_Plus_OA_Multi_System_Degradation,Raw + OA_Multi_System_Degradation only,Individual_Strong,18,42,0.6805174978949492,0.5292189407283665,0.43530048727666487,0.7110803324099723,0.5964391691394659,0.34271099744245526
Raw_Plus_OA_Multi_System_Degradation,Raw + OA_Multi_System_Degradation only,Individual_Strong,18,123,0.6680846679896915,0.5113924718117009,0.4384858044164038,0.7041551246537396,0.5720164609053497,0.3554987212276215
Raw_Plus_OA_Multi_System_Degradation,Raw + OA_Multi_System_Degradation only,Individual_Strong,18,999,0.6535609551665308,0.49279738910047266,0.430062630480167,0.6975069252077563,0.5545087483176312,0.3512361466325661
Raw_Plus_OA_Systemic_Burden,Raw + OA_Systemic_Burden only,Individual_Strong,18,42,0.675953901926152,0.5293975867895815,0.42911051212938006,0.7066481994459833,0.5835777126099707,0.3393009377664109
Raw_Plus_OA_Systemic_Burden,Raw + OA_Systemic_Burden only,Individual_Strong,18,123,0.6683902370425254,0.5082197496857637,0.4356020942408377,0.7013850415512466,0.5644504748982361,0.3546462063086104
Raw_Plus_OA_Systemic_Burden,Raw + OA_Systemic_Burden only,Individual_Strong,18,999,0.6503690091761669,0.4887741671216107,0.4113247863247863,0.6947368421052632,0.5507868383404864,0.32821824381926684
