Model,Seed,Fold,ROC_AUC,PR_AUC,F1_Score,Accuracy,Precision,Recall
1_LogisticRegression,42,1,0.6158356832590488,0.4774957729005959,0.2220640569395018,0.6972299168975069,0.6724137931034483,0.1329923273657289
1_LogisticRegression,42,2,0.6228450117010088,0.4915575974323634,0.23087818696883852,0.6990856192851206,0.6791666666666667,0.13907849829351535
1_LogisticRegression,42,3,0.6190934764250232,0.4982581888890797,0.2585604472396925,0.7060127459129953,0.7142857142857143,0.15784982935153583
1_LogisticRegression,42,4,0.6165660167115322,0.47296665213460504,0.2150997150997151,0.6946522582432807,0.6536796536796536,0.1287297527706735
1_LogisticRegression,42,5,0.6259697532186288,0.4800198901124402,0.23169864960909736,0.7004710446106955,0.6965811965811965,0.13895993179880647
1_LogisticRegression,123,1,0.617732939994074,0.47987840646655816,0.2406755805770584,0.7011080332409972,0.6895161290322581,0.14578005115089515
1_LogisticRegression,123,2,0.6235820141980642,0.4818995340873623,0.23288637967537051,0.6988085342200056,0.673469387755102,0.1407849829351536
1_LogisticRegression,123,3,0.6218452441806563,0.4994407704317754,0.2334293948126801,0.7051814907176503,0.75,0.13822525597269625
1_LogisticRegression,123,4,0.6093873581416575,0.4720940139033317,0.23578947368421052,0.6982543640897756,0.6666666666666666,0.1432225063938619
1_LogisticRegression,123,5,0.6267115041918817,0.4907235020927685,0.24225352112676057,0.7018564699362705,0.6963562753036437,0.1466325660699062
1_LogisticRegression,999,1,0.6133509013674872,0.47781754535101323,0.23380281690140844,0.6986149584487534,0.6720647773279352,0.14151747655583974
1_LogisticRegression,999,2,0.6213673304474113,0.4995887664006431,0.24358974358974358,0.7057356608478803,0.7370689655172413,0.14590443686006827
1_LogisticRegression,999,3,0.625667503686763,0.47931146822357745,0.2195295794725588,0.6965918536990856,0.6666666666666666,0.13139931740614336
1_LogisticRegression,999,4,0.6291465611731949,0.48581108775710935,0.24512534818941503,0.6996397894153505,0.6692015209125475,0.15004262574595056
1_LogisticRegression,999,5,0.6097478221673477,0.47595677184356233,0.23880597014925373,0.7032418952618454,0.717948717948718,0.1432225063938619
2_DecisionTree,42,1,0.5629031473787354,0.3672484271331899,0.41836734693877553,0.6210526315789474,0.4173027989821883,0.4194373401534527
2_DecisionTree,42,2,0.5561503120969243,0.36200022110019564,0.4070567986230637,0.6181767802715433,0.4105902777777778,0.4035836177474403
2_DecisionTree,42,3,0.5613604470891728,0.3652951572746737,0.4157063593683312,0.6206705458575783,0.41588385994876176,0.41552901023890787
2_DecisionTree,42,4,0.5687992838314736,0.3712728485171719,0.4227782571182053,0.6292601828761429,0.4279475982532751,0.4177323103154305
2_DecisionTree,42,5,0.5713141328495417,0.37254407227368624,0.42567858681602755,0.6306456082017179,0.43031358885017423,0.42114236999147486
2_DecisionTree,123,1,0.56353649914766,0.3686022531315032,0.4175634954799828,0.625207756232687,0.4217391304347826,0.4134697357203751
2_DecisionTree,123,2,0.5751436192039393,0.37549541948103693,0.42573402417962003,0.6314768633970629,0.43094405594405594,0.4206484641638225
2_DecisionTree,123,3,0.5780914541321857,0.3771414141856062,0.43123644251626897,0.6367414796342478,0.4386584289496911,0.42406143344709896
2_DecisionTree,123,4,0.5709751916758707,0.3720802677732789,0.42392717815344605,0.6317539484621779,0.4312169312169312,0.41687979539641945
2_DecisionTree,123,5,0.5800534606646257,0.37874939493858994,0.43998291328492095,0.6367414796342478,0.4409246575342466,0.4390451832907076
2_DecisionTree,999,1,0.5656515197468972,0.3678188048792057,0.42505219206680583,0.6185595567867036,0.4165302782324059,0.4339300937766411
2_DecisionTree,999,2,0.5802536198901744,0.37929003784454035,0.438226431338786,0.6384039900249376,0.4422241529105126,0.43430034129692835
2_DecisionTree,999,3,0.5749622570692718,0.3742402325381644,0.4274019819043516,0.6317539484621779,0.4316797214969539,0.4232081911262799
2_DecisionTree,999,4,0.5713339058761936,0.37159305193710473,0.4247104247104247,0.628428927680798,0.4274611398963731,0.4219948849104859
2_DecisionTree,999,5,0.5700715818561308,0.3726750497197198,0.4259896729776248,0.630368523136603,0.4300608166811468,0.4219948849104859
3_KNN,42,1,0.6238738809648496,0.4289576312688185,0.39593908629441626,0.6703601108033241,0.4893350062735257,0.33248081841432225
3_KNN,42,2,0.6267884127101945,0.4318331955668422,0.413111342351717,0.6874480465502909,0.5293333333333333,0.3387372013651877
3_KNN,42,3,0.620568706838963,0.4266374658841252,0.413510747185261,0.6824605153782212,0.5166240409207161,0.3447098976109215
3_KNN,42,4,0.6277689236614186,0.4278053686599738,0.40551583248212464,0.6774729842061513,0.5057324840764331,0.33844842284739984
3_KNN,42,5,0.6259795522406864,0.43328779209619167,0.4209466263846928,0.6813521751177611,0.5141451414514145,0.35635123614663256
3_KNN,123,1,0.6222493100646085,0.4319313260020976,0.4267866066966517,0.6822714681440443,0.5157004830917874,0.3640238704177323
3_KNN,123,2,0.6172705768996458,0.42816602231950623,0.4102817597627286,0.6694375173178165,0.48766157461809634,0.35409556313993173
3_KNN,123,3,0.626389275965946,0.44154043065170645,0.4180790960451977,0.686062621224716,0.5251612903225806,0.34726962457337884
3_KNN,123,4,0.6241821316232641,0.4258664711506956,0.39585492227979274,0.6769188140759214,0.5046235138705416,0.3256606990622336
3_KNN,123,5,0.6319308832978469,0.4363075367092301,0.42814070351758793,0.684677195899141,0.5214198286413708,0.3631713554987212
3_KNN,999,1,0.6167146096989402,0.4247580817611448,0.4151133501259446,0.678393351800554,0.5073891625615764,0.3512361466325661
3_KNN,999,2,0.6242880310794477,0.4206535359764679,0.40480961923847697,0.6708229426433915,0.49029126213592233,0.3447098976109215
3_KNN,999,3,0.6207798291694735,0.43059032763308175,0.40861291937906863,0.6727625380991965,0.49454545454545457,0.34812286689419797
3_KNN,999,4,0.6215488194278211,0.42522075280167315,0.4055017829852267,0.6766417290108063,0.5037974683544304,0.3393009377664109
3_KNN,999,5,0.6236183378898785,0.43148636430278353,0.4055441478439425,0.6791354945968412,0.5096774193548387,0.33674339300937767
4_GradientBoosting,42,1,0.6877825901551142,0.5467611630634515,0.42054958183990443,0.7313019390581718,0.7025948103792415,0.30008525149190113
4_GradientBoosting,42,2,0.7056270228180175,0.5701089296453199,0.4260355029585799,0.7312274868384594,0.694980694980695,0.30716723549488056
4_GradientBoosting,42,3,0.7020452957183131,0.554535845842892,0.4084507042253521,0.7206982543640897,0.6541353383458647,0.29692832764505117
4_GradientBoosting,42,4,0.712557586752842,0.5710633054962566,0.4324002382370459,0.7359379329454142,0.717391304347826,0.309462915601023
4_GradientBoosting,42,5,0.70845599609159,0.5622555475384261,0.4261330194231901,0.7298420615128844,0.688212927756654,0.30861040068201195
4_GradientBoosting,123,1,0.6887402264254439,0.5563485919966361,0.41375222288085356,0.7260387811634349,0.6789883268482491,0.29752770673486784
4_GradientBoosting,123,2,0.7085431718906898,0.5545791872949691,0.42123687281213534,0.7251316154059296,0.6660516605166051,0.30802047781569963
4_GradientBoosting,123,3,0.7082327905540438,0.5832486067280791,0.4399282725642558,0.7403712939872541,0.7345309381237525,0.31399317406143346
4_GradientBoosting,123,4,0.7019692184719966,0.5504382030873041,0.4106824925816024,0.7248545303408146,0.67578125,0.2949701619778346
4_GradientBoosting,123,5,0.7117892384340043,0.5691530012674675,0.4294985250737463,0.7320587420338044,0.6973180076628352,0.3103154305200341
4_GradientBoosting,999,1,0.7020526824135302,0.5439931050890725,0.4190365641323273,0.7227146814404433,0.6563636363636364,0.30775788576300084
4_GradientBoosting,999,2,0.717325930863914,0.577346916474742,0.44457547169811323,0.7389858686616791,0.7194656488549618,0.3216723549488055
4_GradientBoosting,999,3,0.7054024208693899,0.5635687185443932,0.4168168168168168,0.7309504017733445,0.7038539553752535,0.2960750853242321
4_GradientBoosting,999,4,0.6984452451645327,0.5531332683081439,0.43427230046948356,0.7328899972291494,0.696798493408663,0.3154305200341006
4_GradientBoosting,999,5,0.688160996532546,0.5548710038647593,0.4057623049219688,0.7256857855361596,0.6855983772819473,0.28815004262574595
5_RandomForest,42,1,0.6557982383690484,0.4932825712356508,0.41226215644820297,0.69196675900277,0.5424200278164116,0.33248081841432225
5_RandomForest,42,2,0.6782809040377233,0.5279202527841043,0.4486772486772487,0.7112773621501801,0.5905292479108635,0.36177474402730375
5_RandomForest,42,3,0.6657119479133551,0.4971193855694487,0.4238270954138113,0.6971460238293156,0.5544827586206896,0.3430034129692833
5_RandomForest,42,4,0.6741384209855856,0.530349983838268,0.4472708002119767,0.7110002770850651,0.5910364145658263,0.3597612958226769
5_RandomForest,42,5,0.6703661474584836,0.5126420471495774,0.44573848597141347,0.7098919368246052,0.5879888268156425,0.3589087809036658
5_RandomForest,123,1,0.653964824052045,0.5056948913126635,0.4206098843322818,0.6947368421052632,0.5486968449931413,0.3410059676044331
5_RandomForest,123,2,0.670477605627688,0.509060191094963,0.43036649214659684,0.6985314491548905,0.556910569105691,0.3506825938566553
5_RandomForest,123,3,0.6819116479305811,0.5494999834684691,0.46521508231545405,0.7209753394292048,0.6160337552742616,0.37372013651877134
5_RandomForest,123,4,0.6614819341029765,0.49011922593985796,0.41350210970464135,0.6918814075921308,0.5421853388658368,0.33418584825234443
5_RandomForest,123,5,0.672813978164979,0.5213321220073232,0.44936708860759494,0.7107231920199502,0.5892116182572614,0.3631713554987212
5_RandomForest,999,1,0.6643793589941374,0.5108291594838335,0.4431578947368421,0.7069252077562327,0.579092159559835,0.3589087809036658
5_RandomForest,999,2,0.6773949255014768,0.517518783581598,0.4483837330552659,0.7068440011083402,0.5764075067024129,0.36689419795221845
5_RandomForest,999,3,0.6645353698176997,0.5073870295272283,0.43093333333333333,0.7043502355223054,0.5746799431009957,0.3447098976109215
5_RandomForest,999,4,0.6599256394211858,0.5052333805211168,0.420824295010846,0.7040731504571903,0.5782414307004471,0.3307757885763001
5_RandomForest,999,5,0.6555405770504104,0.4973018662233722,0.436612309310889,0.7032418952618454,0.570054945054945,0.3537936913895993
6_XGBoost,42,1,0.6688444802195199,0.5266548124966597,0.4293537787513691,0.7113573407202216,0.6003062787136294,0.33418584825234443
6_XGBoost,42,2,0.6930820499102993,0.5496421844415282,0.4391854705558613,0.7176503186478249,0.6186046511627907,0.34044368600682595
6_XGBoost,42,3,0.6646537103611698,0.5098594931500692,0.43135135135135133,0.7085065114990302,0.588495575221239,0.34044368600682595
6_XGBoost,42,4,0.6872288645593169,0.536307344089775,0.44202504082743604,0.7159878082571349,0.6114457831325302,0.34612105711849955
6_XGBoost,42,5,0.6744259172934541,0.5248856920550307,0.4422657952069717,0.71626489332225,0.6123680241327301,0.34612105711849955
6_XGBoost,123,1,0.6627836483650569,0.5211649646229479,0.43066884176182707,0.7099722991689751,0.5945945945945946,0.3375959079283887
6_XGBoost,123,2,0.6802709858397487,0.5292300104810863,0.44576362655153806,0.715433638126905,0.6064610866372981,0.35238907849829354
6_XGBoost,123,3,0.6891108143650014,0.5546177080551169,0.4569247546346783,0.7240232751454697,0.6329305135951662,0.3575085324232082
6_XGBoost,123,4,0.6753493001398461,0.5192162551383717,0.42660802638812534,0.7110002770850651,0.6006191950464397,0.3307757885763001
6_XGBoost,123,5,0.6747897059873424,0.5321382742597591,0.44623655913978494,0.71460238293156,0.604075691411936,0.3537936913895993
6_XGBoost,999,1,0.6747190321419464,0.5184992527025143,0.43907675791733763,0.7105263157894737,0.5927536231884057,0.34867860187553285
6_XGBoost,999,2,0.683422765639508,0.5358398978944823,0.4514038876889849,0.7184815738431699,0.6147058823529412,0.35665529010238906
6_XGBoost,999,3,0.672916366147042,0.5260945173129331,0.4437194127243067,0.7165419783873649,0.6116941529235382,0.34812286689419797
6_XGBoost,999,4,0.6741872411133368,0.5231812563766445,0.4319912948857454,0.7107231920199502,0.5969924812030075,0.33844842284739984
6_XGBoost,999,5,0.6624761848767493,0.517673078602019,0.42479784366576817,0.7043502355223054,0.5777126099706745,0.3358908780903666
7_LightGBM,42,1,0.6846585095296616,0.5476272794393421,0.43277553375649164,0.7277008310249308,0.6696428571428571,0.319693094629156
7_LightGBM,42,2,0.7064925193371249,0.5695557045050221,0.45308924485125857,0.7351066777500693,0.6875,0.3378839590443686
7_LightGBM,42,3,0.6888662555791615,0.5353829607903944,0.43400447427293065,0.7195899141036298,0.6298701298701299,0.3310580204778157
7_LightGBM,42,4,0.7073110853536817,0.5667389289587401,0.4599659284497445,0.7364921030756443,0.6887755102040817,0.3452685421994885
7_LightGBM,42,5,0.7008409310750787,0.5511213464449265,0.4514317798989332,0.7292878913826545,0.6611842105263158,0.34271099744245526
7_LightGBM,123,1,0.6805759180802078,0.5444304850017532,0.43757159221076747,0.72797783933518,0.6666666666666666,0.3256606990622336
7_LightGBM,123,2,0.7023035091822458,0.5465945608853755,0.4403771491957848,0.7204211692989748,0.6291600633914421,0.3387372013651877
7_LightGBM,123,3,0.7059466823333674,0.5831068518143336,0.4590542099192618,0.7400942089221391,0.708185053380783,0.3395904436860068
7_LightGBM,123,4,0.6966723221022542,0.5446125949571858,0.4289788933257273,0.7226378498198948,0.6482758620689655,0.3205456095481671
7_LightGBM,123,5,0.7038231584487868,0.5656842388506621,0.45982142857142855,0.7317816569686894,0.6655896607431341,0.3512361466325661
7_LightGBM,999,1,0.6861076449633929,0.5311300973166079,0.43376187814421463,0.7193905817174515,0.6298701298701299,0.3307757885763001
7_LightGBM,999,2,0.707251754451075,0.5629494204242109,0.45263754963131025,0.7326129121640343,0.6751269035532995,0.34044368600682595
7_LightGBM,999,3,0.6918440257632266,0.551170059188838,0.44216524216524217,0.7287337212524245,0.6655231560891939,0.3310580204778157
7_LightGBM,999,4,0.6898891240654182,0.5476850115527592,0.44482173174872663,0.7281795511221946,0.6616161616161617,0.3350383631713555
7_LightGBM,999,5,0.6809998362163456,0.5447692248213556,0.43365330321852064,0.7220836796896647,0.6421404682274248,0.3273657289002558
8_CatBoost,42,1,0.6836525978966634,0.5461604094739192,0.440890919474586,0.728808864265928,0.6678200692041523,0.3290707587382779
8_CatBoost,42,2,0.708261325330058,0.5602315020810629,0.4441887226697353,0.7323358270989194,0.6819787985865724,0.3293515358361775
8_CatBoost,42,3,0.6986123695978242,0.5485549444199234,0.43240159726183686,0.7243003602105846,0.6523235800344234,0.32337883959044367
8_CatBoost,42,4,0.7076241291119146,0.5700631536248506,0.45821489482660605,0.7359379329454142,0.6877133105802048,0.3435635123614663
8_CatBoost,42,5,0.7086299287331125,0.5678513028362457,0.45157657657657657,0.7301191465779995,0.6650082918739635,0.34185848252344414
8_CatBoost,123,1,0.6885452009566917,0.5498371854296168,0.44011461318051576,0.7293628808864266,0.6713286713286714,0.3273657289002558
8_CatBoost,123,2,0.7014299599042633,0.5574125430718052,0.4464487034949267,0.7279024660570795,0.6578073089700996,0.3378839590443686
8_CatBoost,123,3,0.7045764879047561,0.5788417887896213,0.4608294930875576,0.7406483790523691,0.7092198581560284,0.3412969283276451
8_CatBoost,123,4,0.6951788461511541,0.5479171903177681,0.4327418431597023,0.7254087004710447,0.6585365853658537,0.32225063938618925
8_CatBoost,123,5,0.7023788525905115,0.5611964090235745,0.45877734155916994,0.7326129121640343,0.6704918032786885,0.34867860187553285
8_CatBoost,999,1,0.6944846447615459,0.5419302286956391,0.427515633882888,0.7210526315789474,0.6416382252559727,0.3205456095481671
8_CatBoost,999,2,0.7101005054331614,0.5798200875612978,0.4720496894409938,0.7409254641174841,0.6978297161936561,0.35665529010238906
8_CatBoost,999,3,0.6967222470418366,0.5667802268310287,0.44994246260069043,0.7351066777500693,0.6908127208480566,0.33361774744027306
8_CatBoost,999,4,0.6898901739606387,0.5510008482210809,0.44431818181818183,0.7290108063175395,0.666098807495741,0.3333333333333333
8_CatBoost,999,5,0.6880995776621494,0.5551033062234079,0.4379977246871445,0.7262399556663895,0.6581196581196581,0.32821824381926684
