roc_auc,pr_auc,f1_macro_0.5,f1_binary_0.5,accuracy_0.5,precision_0.5,recall_0.5,threshold_0.5,f1_macro_youden,f1_binary_youden,accuracy_youden,precision_youden,recall_youden,threshold_youden,f1_macro_f1_optimal,f1_binary_f1_optimal,accuracy_f1_optimal,precision_f1_optimal,recall_f1_optimal,threshold_f1_optimal,feature_set,model,split,n_features,f1_macro,f1_binary,accuracy,threshold_method,roc_auc_std,f1_macro_std
0.8913624652382671,0.7627877364319962,,,,,,,,,,,,,,,,,,,paper_13_cont_BMI,RF,5fold_CV,14,0.8618924234776358,0.7553666785883143,0.9440613355838181,0.5,0.01068589272310422,0.01312067835490544
0.8913624652382671,0.7627877364319962,,,,,,,,,,,,,,,,,,,paper_13_cont_BMI,RF,5fold_CV,14,0.8691820134360525,0.7676186842529964,0.9480356897072669,f1_optimal,0.01068589272310422,0.01328173103204772
0.8621774715005713,0.6981858181831636,0.8260715426572048,0.6904176904176904,0.9318734793187348,0.8753894080996885,0.5699797160243407,0.5,0.7910860336650142,0.6372950819672131,0.9042984590429846,0.6438923395445134,0.6308316430020284,0.302,0.8313586140313237,0.6987341772151898,0.9356582860232495,0.9292929292929293,0.5598377281947262,0.586,paper_13_cont_BMI,RF,70/30,14,,,,,,
0.8602619816409014,0.7314102693905437,,,,,,,,,,,,,,,,,,,paper_13_contBMI,XGB_optuna,5fold_CV,14,0.841739971674018,0.7226538923571669,0.9313543872117181,0.5,0.017316749058239593,0.012946888162966599
0.8602619816409014,0.7314102693905437,,,,,,,,,,,,,,,,,,,paper_13_contBMI,XGB_optuna,5fold_CV,14,0.8597850225379967,0.7517467595465296,0.9430339980050527,f1_optimal,0.017316749058239593,0.013969020233559004
0.8543802961597151,0.6030391726051401,,,,,,,,,,,,,,,,,,,paper_13,RF,5fold_CV,14,0.8324891528005043,0.7076296954954064,0.9255683817840137,0.5,0.016566447852412708,0.013029469176577544
0.8543802961597151,0.6030391726051401,,,,,,,,,,,,,,,,,,,paper_13,RF,5fold_CV,14,0.839441960762499,0.7189378108603035,0.9298939299969786,f1_optimal,0.016566447852412708,0.013903521434041336
0.8497181624970248,0.5836809237974647,,,,,,,,,,,,,,,,,,,paper_11,RF,5fold_CV,12,0.8360844792555981,0.7135226813153283,0.9277311833086842,f1_optimal,0.013821845309832576,0.012387972522888988
0.8497181624970248,0.5836809237974647,,,,,,,,,,,,,,,,,,,paper_11,RF,5fold_CV,12,0.8300715464790118,0.7039930892413211,0.9236216794517679,0.5,0.013821845309832576,0.012288237303774936
0.8292362570687061,0.652642541415181,0.7886087952602393,0.6295081967213115,0.9083536090835361,0.6824644549763034,0.5841784989858012,0.5,0.7794551153841329,0.619188921859545,0.8959178156258448,0.6042471042471043,0.6348884381338742,0.3358049690723419,0.8180983391748053,0.6750948166877371,0.9305217626385509,0.8959731543624161,0.5415821501014199,0.7962115406990051,paper_13_contBMI,XGB_optuna,70/30,14,,,,,,
0.8182822142559779,0.5118522839044454,0.787854971674487,0.6301369863013698,0.9051094890510949,0.6557017543859649,0.6064908722109533,0.5,0.7962679008489774,0.643702906350915,0.9105163557718302,0.6857798165137615,0.6064908722109533,0.576,0.7976092731022308,0.6457204767063922,0.9115977291159773,0.6930232558139535,0.6044624746450304,0.582,paper_11,RF,70/30,12,,,,,,
0.817336978459506,0.5359314700496366,0.789791389124836,0.6319218241042345,0.9083536090835361,0.6799065420560748,0.59026369168357,0.5,0.7903113445328587,0.6342494714587738,0.9064612057312788,0.6622516556291391,0.6085192697768763,0.398,0.7995263241099054,0.6471251409244645,0.915382535820492,0.7284263959390863,0.5821501014198783,0.586,paper_13,RF,70/30,14,,,,,,
0.8097143540445844,0.558527693224771,0.7163358612527795,0.5262295081967213,0.8437415517707488,0.44154057771664373,0.6511156186612576,0.5,0.7386848671991614,0.556350626118068,0.8659097053257637,0.4976,0.6308316430020284,0.5406441688537598,0.7432205138987988,0.5567620927936822,0.8786158421194917,0.5423076923076923,0.5720081135902637,0.5833713412284851,paper_13_cont_BMI,XGB_spw,70/30,14,,,,,,
0.8078610394714687,0.5022801609185278,,,,,,,,,,,,,,,,,,,paper_13_cont_BMI,XGB_default,5fold_CV,14,0.6263798862732693,0.3159343782087237,0.8843376560848911,0.5,0.02043242686920155,0.017252458269556112
0.8078610394714687,0.5022801609185278,,,,,,,,,,,,,,,,,,,paper_13_cont_BMI,XGB_default,5fold_CV,14,0.7177850882041042,0.5107993688024142,0.869737679225842,f1_optimal,0.02043242686920155,0.019592795907780184
0.8031087755083965,0.5002240892100757,0.6407736096618557,0.34418604651162793,0.8856447688564477,0.7302631578947368,0.22515212981744423,0.5,0.6467192778376336,0.4472049689440994,0.7593944309272777,0.3222918531781558,0.7302231237322515,0.1361415535211563,0.7076178813052633,0.4945164506480558,0.8629359286293593,0.48627450980392156,0.5030425963488844,0.2518496513366699,paper_13_cont_BMI,XGB_default,70/30,14,,,,,,
0.7772359508477387,0.40483631239399265,0.6413564189907789,0.4243668720054757,0.7726412543930792,0.3202479338842975,0.6288032454361054,0.5,0.5963696727210815,0.3967914438502674,0.6950527169505272,0.2694262890341322,0.7525354969574036,0.3999585509300232,0.6770958498937055,0.45161290322580644,0.8345498783454988,0.4044943820224719,0.5111561866125761,0.6078989505767822,paper_11,XGB_spw,70/30,12,,,,,,
0.7765001347625332,0.4233205005912869,0.6457882645961386,0.42736248236953456,0.7804812111381454,0.32756756756756755,0.6146044624746451,0.5,0.6130872866228081,0.408491107286288,0.7212760205460935,0.2848,0.7221095334685599,0.4041776657104492,0.684912445887844,0.4613953488372093,0.8434712084347121,0.4261168384879725,0.5030425963488844,0.6186197996139526,paper_13,XGB_spw,70/30,14,,,,,,
0.7676721108167743,0.3986994464595542,,,,,,,,,,,,,,,,,,,paper_13,XGB_default,5fold_CV,14,0.5704117760552608,0.20901675179390494,0.8744423003421242,0.5,0.012352160364647334,0.014646012223846643
0.7676721108167743,0.3986994464595542,,,,,,,,,,,,,,,,,,,paper_13,XGB_default,5fold_CV,14,0.6572013678778601,0.4226428323771946,0.8182327551934162,f1_optimal,0.012352160364647334,0.012635635778597842
0.7659126190440212,0.3781641142014361,,,,,,,,,,,,,,,,,,,paper_13_cont_BMI,XGB_spw,5fold_CV,14,0.6150599527287937,0.3943850921494646,0.7416122772066569,0.5,0.014328185001295422,0.01413808877247543
0.7659126190440212,0.3781641142014361,,,,,,,,,,,,,,,,,,,paper_13_cont_BMI,XGB_spw,5fold_CV,14,0.6465466821566701,0.4146188201290271,0.7995507036329649,f1_optimal,0.014328185001295422,0.012166639050443474
0.7612835949494713,0.3864843496268945,,,,,,,,,,,,,,,,,,,paper_11,XGB_default,5fold_CV,12,0.5666116195311818,0.20190604423601738,0.8735230013922954,0.5,0.015606443482299313,0.015577870600310122
0.7612835949494713,0.3864843496268945,,,,,,,,,,,,,,,,,,,paper_11,XGB_default,5fold_CV,12,0.6530295320362162,0.41452687455230913,0.8176398204218341,f1_optimal,0.015606443482299313,0.0182685679422578
0.7596342557501845,0.3966571242988627,0.6195795280278487,0.40226986128625475,0.7437145174371452,0.2918572735590119,0.6470588235294118,0.5,0.6174704989670818,0.4031960663798402,0.7374966207082996,0.2892416225749559,0.665314401622718,0.4936046600341797,0.6484334092345347,0.4213740458015267,0.7950797512841309,0.3378212974296206,0.5598377281947262,0.5417798161506653,paper_13_cont_BMI,XGB_tuned,70/30,14,,,,,,
0.7549346496617018,0.39392085992196013,0.57638570774164,0.22033898305084745,0.8756420654230873,0.6701030927835051,0.13184584178498987,0.5,0.564658193415799,0.36481759120439783,0.6563936198972695,0.24204244031830238,0.7403651115618661,0.10684817284345627,0.6491484184914842,0.41524736415247365,0.8050824547174912,0.34594594594594597,0.5192697768762677,0.19516660273075104,paper_13,XGB_default,70/30,14,,,,,,
0.7522466749084816,0.36266022169873713,0.5596367613062196,0.18867924528301888,0.8721276020546094,0.6111111111111112,0.11156186612576065,0.5,0.5780750250865706,0.37355718782791186,0.6772100567721006,0.2519462137296532,0.7221095334685599,0.1206648126244545,0.6274379586437225,0.39658848614072495,0.7704785077047851,0.3052516411378556,0.565922920892495,0.16962125897407532,paper_11,XGB_default,70/30,12,,,,,,
0.7318379450085243,0.32058608876073763,,,,,,,,,,,,,,,,,,,paper_13,XGB_spw,5fold_CV,14,0.5781482354302744,0.35472588009767075,0.6965424567903061,0.5,0.012878027864547382,0.008865915609421744
0.7318379450085243,0.32058608876073763,,,,,,,,,,,,,,,,,,,paper_13,XGB_spw,5fold_CV,14,0.6105387569110773,0.37138882507437726,0.7587782674666197,f1_optimal,0.012878027864547382,0.017738840041570135
0.731691592462915,0.3291672008863504,0.5801912754880202,0.3613777526821005,0.6942416869424168,0.25039123630672927,0.6490872210953347,0.5,0.609642331519626,0.3806409417920209,0.7439848607731819,0.2808880308880309,0.59026369168357,0.5323490500450134,0.6113473432194599,0.3817701453104359,0.7469586374695864,0.28305582761998044,0.5862068965517241,0.5347899794578552,paper_11,XGB_tuned,70/30,12,,,,,,
0.7279452094210019,0.31419287043399696,,,,,,,,,,,,,,,,,,,paper_11,XGB_spw,5fold_CV,12,0.5720685363071084,0.34793353362897267,0.689539566364902,0.5,0.01330692958698031,0.009738418678415321
0.7279452094210019,0.31419287043399696,,,,,,,,,,,,,,,,,,,paper_11,XGB_spw,5fold_CV,12,0.6052726375379575,0.3649822948081087,0.7523738831886476,f1_optimal,0.01330692958698031,0.014373784417255647
0.7248750124955871,0.32475103728188276,0.574319837418666,0.34991423670668953,0.6926196269261963,0.24363057324840764,0.6206896551724138,0.5,0.5495045045045045,0.34234234234234234,0.6447688564476886,0.22724252491694352,0.6937119675456389,0.4665530025959015,0.6136198388448665,0.37128353879622916,0.7656123276561233,0.28893905191873587,0.5192697768762677,0.5520854592323303,paper_13,XGB_tuned,70/30,14,,,,,,
